lib,HitRate@20,MAP@20,MRR@20,NDCG@20,Precision@20,Recall@20,RocAuc@20
replay,0.4745700695206733,0.03927176078866247,0.18632413351027105,0.09326437896736814,0.057519209659714576,0.09632131280310642,0.2831744731011519
rs_metrics,0.4745700695206733,0.031690245847362415,0.1863241335102709,0.09326437896736813,0.05751920965971461,0.09632131280310642,
